name,price,link,genre,record_label,record_country,record_cat,record_grade,sleeve_grade,record_info
5th Dimension - Portrait (Vinyle Usagé),$3.99,https://aux33tours.com/collections/nouveaux-arrivages-usage/products/lp00098701-5th-dimension-portrait,  Funk/Soul   ,  Bell   ,  Canada   ,  BELL 6045   ,  VG+  ,  VG+ ,  Pochette Gatefold   
Alain Barriere - A Regarder la Mer (Vinyle Usagé),$3.99,https://aux33tours.com/collections/nouveaux-arrivages-usage/products/lp00223057-alain-barriere-a-regarder-la-mer,  Francophone   ,  Barclay   ,  Canada   ,  80097   ,  VG+  ,  NM ,
Anne Clark - Wallies (Vinyle Usagé),$3.99,https://aux33tours.com/collections/nouveaux-arrivages-usage/products/lp00048512-anne-clark-wallies,  New Wave   ,  Ink   ,  UK   ,  INK 1215   ,  VG+  ,  VG+ ,  12   
Bach / Kohler - The Art Of Fugue BWV 1080 Part 2 (Vinyle Usagé),$1.99,https://aux33tours.com/collections/nouveaux-arrivages-usage/products/lp00382488-bach-kohler-the-art-of-fugue-bwv-1080-part-2,  Classique   ,  Peerless   ,  UK   ,  BACH 1022 ORYX   ,  VG+  ,  VG+ ,
Bach / Leonhardt Consort - Konzerte Fur Zwei Und Vier Cembali (Vinyle Usagé),$1.99,https://aux33tours.com/collections/nouveaux-arrivages-usage/products/lp00382491-bach-leonhardt-consort-konzerte-fur-zwei-und-vier-cembali,  Classique   ,  Telefunken   ,  Germany   ,  SAWT 9424 B Telefunken   ,  VG  ,  VG+ ,
Bach / Werner - Les Grandes Cantates De JS Bach Vol 12 (Vinyle Usagé),$1.99,https://aux33tours.com/collections/nouveaux-arrivages-usage/products/lp00382490-bach-werner-les-grandes-cantates-de-js-bach-vol-12,  Classique   ,  Erato   ,  France   ,  STU 70086   ,  VG+  ,  VG+ ,
Barry White - Its Ecstasy When You Lay Down Next to Me (Vinyle Usagé),$5.99,https://aux33tours.com/collections/nouveaux-arrivages-usage/products/lp00118361-barry-white-its-ecstasy-when-you-lay-down-next-to-me,  Funk/Soul   ,  20th Century   ,  Canada   ,  3209 65   ,  VG+  ,  Generic ,  12   
Barry White - Sings For Someone You Love (Vinyle Usagé),$11.99,https://aux33tours.com/collections/nouveaux-arrivages-usage/products/lp00063297-barry-white-sings-for-someone-you-love,  Funk/Soul   ,  20th Century   ,  Canada   ,  T 543   ,  NM  ,  VG+ ,  Pochette Gatefold   
Bartok / Hindemith / Rojdestvenski / Oistrakh - Concertos pour Violon et Orchestre (Vinyle Usagé),$9.99,https://aux33tours.com/collections/nouveaux-arrivages-usage/products/lp00382527-bartok-hindemith-rojdestvenski-oistrakh-concertos-pour-violon-et-orchestre,  Classique   ,  Le Chant Du Monde   ,  France   ,  LDX 78730 Le Chant Du Monde   ,  NM  ,  NM ,
Bee Gees - Love Collection (Vinyle Usagé),$2.99,https://aux33tours.com/collections/nouveaux-arrivages-usage/products/lp00291622-bee-gees-love-collection,  Rock   ,  Juke Box   ,  Canada   ,  TVLP 76015   ,  VG+  ,  VG ,
Beethoven / Beaux Arts Trio - Piano Trio No 7 in B Flat Op 97 Archduke (Vinyle Usagé),$4.99,https://aux33tours.com/collections/nouveaux-arrivages-usage/products/lp00339324-beethoven-beaux-arts-trio-piano-trio-no-7-in-b-flat-op-97-archduke,  Classique   ,  Philips   ,  Netherlands   ,  9500 895   ,  NM  ,  VG+ ,  Pochette Gatefold   
Beethoven / Frankl - Piano Sonata Op 53 Waldstein / Op 57 Appassionata (Vinyle Usagé),$11.99,https://aux33tours.com/collections/nouveaux-arrivages-usage/products/lp00095014-beethoven-frankl-piano-sonata-op-53-waldstein-op-57-appassionata,  Classique   ,  Gale   ,  UK   ,  GMFD 1 76 005   ,  VG+  ,  NM ,  Coffret   
Beethoven / Hanover Band - Overtures Egmont / The Creatures of Prometheus / Symphony No 2 (Vinyle Usagé),$7.99,https://aux33tours.com/collections/nouveaux-arrivages-usage/products/lp00382526-beethoven-hanover-band-overtures-egmont-the-creatures-of-prometheus-symphony-no-2,  Classique   ,  Nimbus   ,  UK   ,  NIMBUS 2155   ,  NM  ,  VG+ ,
Beethoven / Leitner / Kempff - 5 Piano Concertos (Vinyle Usagé),$11.99,https://aux33tours.com/collections/nouveaux-arrivages-usage/products/lp00382513-beethoven-leitner-kempff-5-piano-concertos,  Classique   ,  Deutsche Grammophon   ,  Germany   ,  2721 066   ,  EX  ,  NM ,  Coffret 4 LP   
Berlioz / Davis - Sacred Music (Vinyle Usagé),$4.99,https://aux33tours.com/collections/nouveaux-arrivages-usage/products/lp00382508-berlioz-davis-sacred-music,  Classique   ,  Philips   ,  Netherlands   ,  6768 002   ,  VG+  ,  VG ,  Coffret 5 LP   
Biddu Orchestra - Serenade For Lovers (Vinyle Usagé),$1.99,https://aux33tours.com/collections/nouveaux-arrivages-usage/products/lp00382701-biddu-orchestra-serenade-for-lovers,  Disco   ,  Hallmark   ,  UK   ,  SHM 3054   ,  VG+  ,  VG+ ,
Bizet / Barenboim - Jeux D Enfants / Carmen Suite / L Arlesienne (Vinyle Usagé),$5.99,https://aux33tours.com/collections/nouveaux-arrivages-usage/products/lp00191614-bizet-barenboim-jeux-d-enfants-carmen-suite-l-arlesienne,  Classique   ,  EMI   ,  France   ,  2C 069 02411   ,  NM  ,  NM ,  Pochette Gatefold   
Black Marble - Its Immaterial (Vinyle Usagé),$49.99,https://aux33tours.com/collections/nouveaux-arrivages-usage/products/lp00382618-black-marble-its-immaterial,  Alternatif   ,  Ghostly International   ,  USA   ,  GI 275   ,  VG+  ,  NM ,  Vinyle Noir   
Black Paul - The King in Black Disco (Vinyle Usagé),$2.99,https://aux33tours.com/collections/nouveaux-arrivages-usage/products/lp00155985-black-paul-the-king-in-black-disco,  Disco   ,  Delphine   ,  France   ,  GT 64501   ,  VG+  ,  VG+ ,  12   
Black Soul - Black Brothers (Vinyle Usagé),$4.99,https://aux33tours.com/collections/nouveaux-arrivages-usage/products/lp00150921-black-soul-black-brothers,  Funk/Soul   ,  Beam Junction   ,  USA   ,  12 BJ 1002   ,  VG+  ,  VG ,  12   
Blood Orange - Angels Pulse (Vinyle Usagé),$24.99,https://aux33tours.com/collections/nouveaux-arrivages-usage/products/lp00382744-blood-orange-angels-pulse,  Alternatif   ,  Domino   ,  USA   ,  WIGLP460 Domino   ,  NM  ,  NM ,  Vinyle Blanc   
Bob Welch - Three Hearts (Vinyle Usagé),$2.99,https://aux33tours.com/collections/nouveaux-arrivages-usage/products/lp00382557-bob-welch-three-hearts,  Rock   ,  Capitol   ,  Canada   ,  SO 11907   ,  VG+  ,  NM ,
Bobby Bare - Folsom Prison Blues (Vinyle Usagé),$1.99,https://aux33tours.com/collections/nouveaux-arrivages-usage/products/lp00382824-bobby-bare-folsom-prison-blues,  Country   ,  RCA Camden   ,  Canada   ,  CAS 2290   ,  VG  ,  NM ,
Bobby Curtola - 12 Golden Hits (Vinyle Usagé),$3.99,https://aux33tours.com/collections/nouveaux-arrivages-usage/products/lp00154768-bobby-curtola-12-golden-hits,  Rock   ,  Tartan   ,  Canada   ,  LPTA 107   ,  VG+  ,  VG+ ,
Bobby Curtola - His Greatest (Vinyle Usagé),$3.99,https://aux33tours.com/collections/nouveaux-arrivages-usage/products/lp00382815-bobby-curtola-his-greatest,  Rock   ,  Tee Vee International   ,  Canada   ,  TA 1071   ,  VG+  ,  VG+ ,
Bobby Edwards - Guitars Guitars (Vinyle Usagé),$9.99,https://aux33tours.com/collections/nouveaux-arrivages-usage/products/lp00382826-bobby-edwards-guitars-guitars,  Jazz   ,  Attic   ,  Canada   ,  LAT 1004   ,  NM  ,  NM ,
Bobby Vee - Golden Greats (Vinyle Usagé),$3.99,https://aux33tours.com/collections/nouveaux-arrivages-usage/products/lp00207894-bobby-vee-golden-greats,  Rock   ,  Liberty   ,  Canada   ,  LRP 3245   ,  VG+  ,  VG+ ,  Original Mono   
Bobby Vee - Golden Greats (Vinyle Usagé),$7.99,https://aux33tours.com/collections/nouveaux-arrivages-usage/products/lp00382839-bobby-vee-golden-greats,  Rock   ,  Liberty   ,  Canada   ,  LRP 3245   ,  NM  ,  VG+ ,  Original Mono   
Bobby Vinton - The Many Moods of Bobby Vinton (Vinyle Usagé),$5.99,https://aux33tours.com/collections/nouveaux-arrivages-usage/products/lp00382843-bobby-vinton-the-many-moods-of-bobby-vinton,  Vocal Homme   ,  Columbia   ,  Canada   ,  1P 6267   ,  NM  ,  NM ,  Version 1 LP   
Boys Of The Lough - In The Tradition (Vinyle Usagé),$4.99,https://aux33tours.com/collections/nouveaux-arrivages-usage/products/lp00382763-boys-of-the-lough-in-the-tradition,  Folk   ,  Flying Fish   ,  USA   ,  FF 263   ,  NM  ,  VG+ ,
Boys Of The Lough - The Pipers Broken Finger (Vinyle Usagé),$3.99,https://aux33tours.com/collections/nouveaux-arrivages-usage/products/lp00382764-boys-of-the-lough-the-pipers-broken-finger,  Folk   ,  Philo   ,  USA   ,  PH 1042 Philo   ,  NM  ,  VG+ ,
Brahms / Various / Mayorga - Variations And Fugue On A Theme By Handel / Various (Vinyle Usagé),$7.99,https://aux33tours.com/collections/nouveaux-arrivages-usage/products/lp00350171-brahms-various-mayorga-variations-and-fugue-on-a-theme-by-handel-various,  Instrumentale   ,  Sheffield Lab   ,  USA   ,  LAB 4   ,  NM  ,  VG+ ,  Pressage Audiophile / Pochette Gatefold   
Brook Benton - Incomparable Brook Benton: 20 Great Hits (Vinyle Usagé),$3.99,https://aux33tours.com/collections/nouveaux-arrivages-usage/products/lp00382581-brook-benton-incomparable-brook-benton-20-great-hits,  Funk/Soul   ,  AFE   ,  Portugal   ,  MAF 9130   ,  VG+  ,  VG+ ,
Brook Benton - Its Just A Matter of Time (Vinyle Usagé),$3.99,https://aux33tours.com/collections/nouveaux-arrivages-usage/products/lp00088197-brook-benton-its-just-a-matter-of-time,  Funk/Soul   ,  Mercury   ,  USA   ,  SR 60077   ,  VG+  ,  NM ,
Bruce Springsteen - Born in the USA (Vinyle Usagé),$21.99,https://aux33tours.com/collections/nouveaux-arrivages-usage/products/lp00382644-bruce-springsteen-born-in-the-usa,  Rock   ,  Columbia   ,  Canada   ,  QC 38653   ,  NM  ,  NM ,  Avec Autocollant Noir sur Pellicule Plastique   
Carl Smith - A Gentleman In Love (Vinyle Usagé),$1.99,https://aux33tours.com/collections/nouveaux-arrivages-usage/products/lp00382799-carl-smith-a-gentleman-in-love,  Country   ,  Harmony   ,  Canada   ,  HS 11251   ,  VG+  ,  VG+ ,
Carmencita Severino - Que Sera (Vinyle Usagé),$4.99,https://aux33tours.com/collections/nouveaux-arrivages-usage/products/lp00382829-carmencita-severino-que-sera,  Monde   ,  UA Latino   ,  USA   ,  LS 61038   ,  VG+  ,  VG+ ,
Charli XCX - Crash (Vinyle Usagé),$29.99,https://aux33tours.com/collections/nouveaux-arrivages-usage/products/lp00382615-charli-xcx-crash,  Pop   ,  Asylum   ,  Europe   ,  190296409981   ,  NM  ,  NM ,  Vinyle Rouge Marbre / Pochette Gatefold   
Chico Freeman - Tradition in Transition (Vinyle Usagé),$5.99,https://aux33tours.com/collections/nouveaux-arrivages-usage/products/lp00371410-chico-freeman-tradition-in-transition,  Jazz   ,  Elektra   ,  Canada   ,  96 01631   ,  VG+  ,  NM ,
Chopin / Strugala / Thai Son - Piano Concerto No 2 / Nocturne In D Flat Major / Scherzo In B Flat Minor (Vinyle Usagé),$2.99,https://aux33tours.com/collections/nouveaux-arrivages-usage/products/lp00382467-chopin-strugala-thai-son-piano-concerto-no-2-nocturne-in-d-flat-major-scherzo-in-b-flat-minor,  Classique   ,  Polskie Nagrania Muza   ,  Poland   ,  SX 2061   ,  VG  ,  VG+ ,
Chubby Checker - For Teen Twisters Only (Vinyle Usagé),$5.99,https://aux33tours.com/collections/nouveaux-arrivages-usage/products/lp00026940-chubby-checker-for-teen-twisters-only,  Rock   ,  Parkway   ,  Canada   ,  P 7009   ,  VG+  ,  VG+ ,  Original Mono   
Claude Bolling / Jean Pierre Rampal - Suite for Flute and Jazz Piano (Vinyle Usagé),$2.99,https://aux33tours.com/collections/nouveaux-arrivages-usage/products/lp00132566-claude-bolling-jean-pierre-rampal-suite-for-flute-and-jazz-piano,  Jazz   ,  Columbia   ,  Canada   ,  M 33233   ,  NM  ,  VG+ ,
Cleo Laine - I Am A Song (Vinyle Usagé),$2.99,https://aux33tours.com/collections/nouveaux-arrivages-usage/products/lp00382766-cleo-laine-i-am-a-song,  Vocal Femme   ,  RCA Victor   ,  Canada   ,  AFL1 5000   ,  NM  ,  VG ,
Colette Renard - Les Grands Succes de Colette Renard (Vinyle Usagé),$1.99,https://aux33tours.com/collections/nouveaux-arrivages-usage/products/lp00329260-colette-renard-les-grands-succes-de-colette-renard,  Francophone   ,  Pop   ,  Canada   ,  POP 7504   ,  VG+  ,  VG+ ,
Connie Francis - Sentimental Favorites (Vinyle Usagé),$1.99,https://aux33tours.com/collections/nouveaux-arrivages-usage/products/lp00382753-connie-francis-sentimental-favorites,  Vocal Femme   ,  Suffolk Marketing Inc   ,  USA   ,  SMI 1 51   ,  VG+  ,  VG+ ,
Connie Francis - Treasury Of Love Songs (Vinyle Usagé),$1.99,https://aux33tours.com/collections/nouveaux-arrivages-usage/products/lp00382754-connie-francis-treasury-of-love-songs,  Vocal Femme   ,  Suffolk Marketing Inc   ,  USA   ,  SMI 1 50   ,  VG+  ,  VG+ ,
Corrette / Kehr - The Music of Michel Corrette (Vinyle Usagé),$1.99,https://aux33tours.com/collections/nouveaux-arrivages-usage/products/lp00382501-corrette-kehr-the-music-of-michel-corrette,  Classique   ,  Turnabout   ,  USA   ,  TV 34010S   ,  VG+  ,  VG+ ,
Culture Club - Profile (Vinyle Usagé),$7.99,https://aux33tours.com/collections/nouveaux-arrivages-usage/products/lp00382795-culture-club-profile,  New Wave   ,  Extra Terrestrial   ,  UK   ,  EC1N 2JA 01 242 0391   ,  VG+  ,  VG+ ,  Picture Disc Sans Musique / 3/4 Posters / Pochette   
Culture Club - Waking Up with the House on Fire (Vinyle Usagé),$2.99,https://aux33tours.com/collections/nouveaux-arrivages-usage/products/lp00290953-culture-club-waking-up-with-the-house-on-fire,  New Wave   ,  Virgin   ,  Canada   ,  VL 2313   ,  VG+  ,  NM ,
D Train - Youre the One For Me (Vinyle Usagé),$11.99,https://aux33tours.com/collections/nouveaux-arrivages-usage/products/lp00241179-d-train-youre-the-one-for-me,  Disco   ,  Prelude   ,  Canada   ,  PRL D 621   ,  NM  ,  Generic ,  12   
Daniel Lavoie - Tension Attention (Vinyle Usagé),$3.99,https://aux33tours.com/collections/nouveaux-arrivages-usage/products/lp00299201-daniel-lavoie-tension-attention,  Francophone   ,  Kebec Disc   ,  Canada   ,  KD 584   ,  NM  ,  VG+ ,
De Caix d Hervelois / Huneau / Charbonnier / Forges - Suites pour Flute et Basse Continue (Vinyle Usagé),$9.99,https://aux33tours.com/collections/nouveaux-arrivages-usage/products/lp00382522-de-caix-d-hervelois-huneau-charbonnier-forges-suites-pour-flute-et-basse-continue,  Classique   ,  Erato   ,  France   ,  STU 71472   ,  NM  ,  NM ,  Pochette Gatefold   
Debussy / Ravel / Orlando Quartet - String Quartets (Vinyle Usagé),$5.99,https://aux33tours.com/collections/nouveaux-arrivages-usage/products/lp00357819-debussy-ravel-orlando-quartet-string-quartets,  Classique   ,  Philips   ,  Holland   ,  6514 387   ,  NM  ,  VG+ ,
Diahann Carroll - Showstopper (Vinyle Usagé),$1.99,https://aux33tours.com/collections/nouveaux-arrivages-usage/products/lp00382698-diahann-carroll-showstopper,  Vocal Femme   ,  RCA Camden   ,  USA   ,  CAS 695   ,  VG+  ,  VG+ ,
Duane Eddy - Dance With the Guitar Man (Vinyle Usagé),$2.99,https://aux33tours.com/collections/nouveaux-arrivages-usage/products/lp00382707-duane-eddy-dance-with-the-guitar-man,  Rock   ,  RCA Victor   ,  Canada   ,  LPM 2648   ,  VG  ,  VG ,  Original Mono   
Duane Eddy - Duane Eddy (Vinyle Usagé),$5.99,https://aux33tours.com/collections/nouveaux-arrivages-usage/products/lp00108132-duane-eddy-duane-eddy,  Rock   ,  Capitol   ,  Canada   ,  ST 12567   ,  NM  ,  VG+ ,
Duane Eddy - Guitar Man (Vinyle Usagé),$2.99,https://aux33tours.com/collections/nouveaux-arrivages-usage/products/lp00382706-duane-eddy-guitar-man,  Rock   ,  Pickwick   ,  UK   ,  SHM 947   ,  NM  ,  VG+ ,
Duane Eddy - Lonely Guitar (Vinyle Usagé),$1.99,https://aux33tours.com/collections/nouveaux-arrivages-usage/products/lp00382718-duane-eddy-lonely-guitar,  Rock   ,  RCA Victor   ,  USA   ,  LSP 2798   ,  VG  ,  VG ,  Stereo Dynagroove   
Eastside Connection - La Cucaracha (Vinyle Usagé),$9.99,https://aux33tours.com/collections/nouveaux-arrivages-usage/products/lp00382582-eastside-connection-la-cucaracha,  Disco   ,  Rampart   ,  USA   ,  762   ,  NM  ,  Generic ,  12po / Vinyle Marbree   
Eddie Rabbitt - Someone Could Lose A Heart Tonight (Vinyle Usagé),$3.99,https://aux33tours.com/collections/nouveaux-arrivages-usage/products/lp00240324-eddie-rabbitt-someone-could-lose-a-heart-tonight,  Country   ,  Quality Special Products   ,  Canada   ,  QRSP 1025   ,  NM  ,  VG+ ,
El Coco - Mondo Disco (Vinyle Usagé),$7.99,https://aux33tours.com/collections/nouveaux-arrivages-usage/products/lp00039999-el-coco-mondo-disco,  Disco   ,  AVI   ,  Canada   ,  AVI 1039   ,  NM  ,  NM ,
Elizabeth Cotten - Folksongs and Instrumentals with Guitar (Vinyle Usagé),$59.99,https://aux33tours.com/collections/nouveaux-arrivages-usage/products/lp00382743-elizabeth-cotten-folksongs-and-instrumentals-with-guitar,  Folk   ,  Folkways   ,  USA   ,  FG 3526   ,  NM  ,  NM ,  Reedition 2018 / Avec Insert   
Elvis Presley - Elvis Golden Records Volume 3 (Vinyle Usagé),$1.99,https://aux33tours.com/collections/nouveaux-arrivages-usage/products/lp00304205-elvis-presley-elvis-golden-records-volume-3,  Rock   ,  RCA Victor   ,  Canada   ,  LSP 2765   ,  VG  ,  VG+ ,
Enrico Macias - Generosite / Fusil Rouille (Vinyle Usagé),$3.99,https://aux33tours.com/collections/nouveaux-arrivages-usage/products/lp00382695-enrico-macias-generosite-fusil-rouille,  Francophone   ,  Trema   ,  France   ,  310 180   ,  VG+  ,  VG+ ,
Erasure - Chains of Love (Vinyle Usagé),$5.99,https://aux33tours.com/collections/nouveaux-arrivages-usage/products/lp00361846-erasure-chains-of-love,  New Wave   ,  Sire / Reprise   ,  Canada   ,  92 09530   ,  VG+  ,  NM ,  12po   
Exile - All There Is (Vinyle Usagé),$3.99,https://aux33tours.com/collections/nouveaux-arrivages-usage/products/lp00338212-exile-all-there-is,  Rock   ,  Warner Bros   ,  USA   ,  QBS 3323   ,  NM  ,  VG+ ,  Label WB Beige   
Fats Domino - This is Fats Domino (Vinyle Usagé),$24.99,https://aux33tours.com/collections/nouveaux-arrivages-usage/products/lp00382836-fats-domino-this-is-fats-domino,  Rock   ,  Imperial   ,  Canada   ,  LP 9028   ,  VG+  ,  VG ,  Original / Label Bourgogne   
Faure / Debussy / Ravel - La Bonne Chanson / Les Chansons De Bilitis / L Enfant Et Les Sortileges / Chansons Grecques (Vinyle Usagé),$5.99,https://aux33tours.com/collections/nouveaux-arrivages-usage/products/lp00382479-faure-debussy-ravel-la-bonne-chanson-les-chansons-de-bilitis-l-enfant-et-les-sortileges-chansons-grecques,  Classique   ,  Club National Du Disque   ,  France   ,  CND 10 Club National Du Disque   ,  VG  ,  VG+ ,
Faure / Herbillon / Paraskivesco - Melodies (Vinyle Usagé),$3.99,https://aux33tours.com/collections/nouveaux-arrivages-usage/products/lp00382549-faure-herbillon-paraskivesco-melodies,  Classique   ,  Calliope   ,  France   ,  CAL 1845   ,  VG+  ,  NM ,  Pochette Gatefold   
Field / Furst / O Conor - Complete Piano Concertos (Vinyle Usagé),$19.99,https://aux33tours.com/collections/nouveaux-arrivages-usage/products/lp00382520-field-furst-o-conor-complete-piano-concertos,  Classique   ,  Claddagh Records   ,  Ireland   ,  CSM 55 58   ,  NM  ,  NM ,  Coffret 4 LP   
Flashback - Cowboy (Vinyle Usagé),$5.99,https://aux33tours.com/collections/nouveaux-arrivages-usage/products/lp00221860-flashback-cowboy,  Disco   ,  Gamma   ,  Canada   ,  AA 2605   ,  NM  ,  NM ,  12 (Roger Gravel)   
Flirts - Jukebox (Dont Put Another Dime) (Vinyle Usagé),$3.99,https://aux33tours.com/collections/nouveaux-arrivages-usage/products/lp00056147-flirts-jukebox-dont-put-another-dime,  Disco   ,  Unidisc   ,  Canada   ,  UNI 1088   ,  NM  ,  Generic ,  12   
Flying Machine - The Flying Machine (Vinyle Usagé),$11.99,https://aux33tours.com/collections/nouveaux-arrivages-usage/products/lp00382649-flying-machine-the-flying-machine,  Rock   ,  Pye   ,  Canada   ,  NSPL 18328   ,  VG+  ,  NM ,
Frank Sinatra - I Remember Tommy (Vinyle Usagé),$3.99,https://aux33tours.com/collections/nouveaux-arrivages-usage/products/lp00367417-frank-sinatra-i-remember-tommy,  Vocal Homme   ,  Reprise   ,  Canada   ,  R 1003   ,  VG  ,  VG+ ,  Original Mono / Pochette Gatefold Decoupee   
Fred Astaire - Astairable Fred (Vinyle Usagé),$4.99,https://aux33tours.com/collections/nouveaux-arrivages-usage/products/lp00382765-fred-astaire-astairable-fred,  Vocal Homme   ,  DRG   ,  USA   ,  MRS 911   ,  NM  ,  VG+ ,  Pochette Gatefold   
Fred Astaire - Best of Fred Astaire From MGM Classic Films (Vinyle Usagé),$3.99,https://aux33tours.com/collections/nouveaux-arrivages-usage/products/lp00236669-fred-astaire-best-of-fred-astaire-from-mgm-classic-films,  Vocal Homme   ,  MCA   ,  Canada   ,  MCA 25985   ,  NM  ,  VG+ ,
Fritz Pereira - Caprices d Haiti (Vinyle Usagé),$3.99,https://aux33tours.com/collections/nouveaux-arrivages-usage/products/lp00209724-fritz-pereira-caprices-d-haiti,  Monde   ,  Meteor   ,  Canada   ,  MET 2407   ,  VG  ,  VG+ ,
Fussy Cussy - Disco Kings (Vinyle Usagé),$3.99,https://aux33tours.com/collections/nouveaux-arrivages-usage/products/lp00382750-fussy-cussy-disco-kings,  Disco   ,  Aquarius   ,  Canada   ,  AQ 1701   ,  VG+  ,  NM ,  12po   
Germaine Dugas - Germaine Dugas (Vinyle Usagé),$3.99,https://aux33tours.com/collections/nouveaux-arrivages-usage/products/lp00382553-germaine-dugas-germaine-dugas,  Francophone   ,  RCA Victor   ,  Canada   ,  CGPS 153   ,  VG+  ,  NM ,
Gilbert Becaud - L Important C est la Rose (Vinyle Usagé),$2.99,https://aux33tours.com/collections/nouveaux-arrivages-usage/products/lp00238120-gilbert-becaud-l-important-c-est-la-rose,  Francophone   ,  Pathe   ,  Canada   ,  PAM 67 233   ,  VG+  ,  VG+ ,  .   
Ginette Ravel - Hourrah (Vinyle Usagé),$3.99,https://aux33tours.com/collections/nouveaux-arrivages-usage/products/lp00382556-ginette-ravel-hourrah,  Francophone   ,  RCA Victor   ,  Canada   ,  PCS 1129   ,  VG+  ,  VG+ ,
Ginette Ravel - Hourrah (Vinyle Usagé),$9.99,https://aux33tours.com/collections/nouveaux-arrivages-usage/products/lp00134572-ginette-ravel-hourrah,  Francophone   ,  RCA Victor   ,  Canada   ,  PCS 1129   ,  NM  ,  NM ,
Gracie Fields - Focus On Gracie Fields (Vinyle Usagé),$1.99,https://aux33tours.com/collections/nouveaux-arrivages-usage/products/lp00382717-gracie-fields-focus-on-gracie-fields,  Vocal Femme   ,  Decca   ,  UK   ,  FOS 37/8   ,  NM  ,  VG+ ,  2 LP / Pochette Gatefold   
Haendel / Paillard - Les Concertos Pour Orgue Vol 1 (Vinyle Usagé),$5.99,https://aux33tours.com/collections/nouveaux-arrivages-usage/products/lp00382469-haendel-paillard-les-concertos-pour-orgue-vol-1,  Classique   ,  Erato   ,  France   ,  DUE 20224   ,  NM  ,  VG+ ,  2 LP / Pochette Gatefold   
Haendel / Paillard - Les Concertos Pour Orgue Vol 2 (Vinyle Usagé),$3.99,https://aux33tours.com/collections/nouveaux-arrivages-usage/products/lp00382470-haendel-paillard-les-concertos-pour-orgue-vol-2,  Classique   ,  Erato   ,  France   ,  DUE 20226   ,  VG+  ,  VG+ ,  Gatefold 2 LP   
Hamal / Lemaire - In Exitu Israel / Various (Vinyle Usagé),$3.99,https://aux33tours.com/collections/nouveaux-arrivages-usage/products/lp00382471-hamal-lemaire-in-exitu-israel-various,  Classique   ,  Erato   ,  France   ,  STU 70352 Erato   ,  NM  ,  VG+ ,
Handel / Leppard - Concerti A Due Cori (Vinyle Usagé),$1.99,https://aux33tours.com/collections/nouveaux-arrivages-usage/products/lp00382472-handel-leppard-concerti-a-due-cori,  Classique   ,  Philips   ,  UK   ,  SAL 3707   ,  VG+  ,  VG+ ,
Hank Williams - Country And Western Classics (Vinyle Usagé),$11.99,https://aux33tours.com/collections/nouveaux-arrivages-usage/products/lp00382719-hank-williams-country-and-western-classics,  Country   ,  Time Life   ,  USA   ,  TLCW 01   ,  NM  ,  VG ,  Coffret 3 LP avec Livret   
Harry Belafonte - Calypso (Vinyle Usagé),$11.99,https://aux33tours.com/collections/nouveaux-arrivages-usage/products/lp00382667-harry-belafonte-calypso,  Vocal Homme   ,  RCA Victor   ,  USA   ,  LPM 1248 RCA Victor   ,  VG+  ,  NM ,  Original Mono   
Haydn / Schubert / Cortot / Thibaud / Casals - Trio No 1 / Trio No 1 (Vinyle Usagé),$3.99,https://aux33tours.com/collections/nouveaux-arrivages-usage/products/lp00382480-haydn-schubert-cortot-thibaud-casals-trio-no-1-trio-no-1,  Classique   ,  Angel Records   ,  USA   ,  COLH 12   ,  VG+  ,  VG+ ,  Presse en Angleterre / Pochette avec Goujon   
Helen Shapiro - 12 Hits And A Miss (Vinyle Usagé),$11.99,https://aux33tours.com/collections/nouveaux-arrivages-usage/products/lp00382710-helen-shapiro-12-hits-and-a-miss,  Vocal Femme   ,  Capitol   ,  Canada   ,  T 6030   ,  NM  ,  VG+ ,
Highwaymen - The Highwaymen (Vinyle Usagé),$1.99,https://aux33tours.com/collections/nouveaux-arrivages-usage/products/lp00382768-highwaymen-the-highwaymen,  Folk   ,  United Artists   ,  USA   ,  UAS 6125   ,  VG  ,  VG+ ,
Hollies - Romany (Vinyle Usagé),$4.99,https://aux33tours.com/collections/nouveaux-arrivages-usage/products/lp00319969-hollies-romany,  Rock   ,  Epic   ,  Canada   ,  KE 31992   ,  VG+  ,  VG ,  Original avec Label Jaune / Pochette Gatefold   
Hommage aux Beatles - Hommage aux Beatles (Vinyle Usagé),$5.99,https://aux33tours.com/collections/nouveaux-arrivages-usage/products/lp00037888-hommage-aux-beatles-hommage-aux-beatles,  Rock   ,  Revelation   ,  Canada   ,  KF 154   ,  NM  ,  NM ,  Vinyle Blanc   
If - If (Vinyle Usagé),$9.99,https://aux33tours.com/collections/nouveaux-arrivages-usage/products/lp00382685-if-if,  Rock   ,  Capitol   ,  Canada   ,  ST 539   ,  VG+  ,  EX ,  Label Green Target   
Ink Spots - The Second Album Of Hits By The Ink Spots Volume 2 (Vinyle Usagé),$4.99,https://aux33tours.com/collections/nouveaux-arrivages-usage/products/lp00382780-ink-spots-the-second-album-of-hits-by-the-ink-spots-volume-2,  Funk/Soul   ,  Coronet   ,  USA   ,  CX 105   ,  VG+  ,  NM ,
Inner City Jam Band - Inner City Jam (Mambonique) (Vinyle Usagé),$2.99,https://aux33tours.com/collections/nouveaux-arrivages-usage/products/lp00382668-inner-city-jam-band-inner-city-jam-mambonique,  Disco   ,  Bareback  Inc   ,  USA   ,  BB 12 530   ,  VG+  ,  Generic ,  12   
Jack Greene - What Locks The Door (Vinyle Usagé),$1.99,https://aux33tours.com/collections/nouveaux-arrivages-usage/products/lp00382828-jack-greene-what-locks-the-door,  Country   ,  Decca   ,  Canada   ,  DL 4939   ,  VG+  ,  VG+ ,  Original Mono   
Jacksons - Destiny (Vinyle Usagé),$19.99,https://aux33tours.com/collections/nouveaux-arrivages-usage/products/lp00008126-jacksons-destiny,  Funk/Soul   ,  Epic   ,  Canada   ,  PE 35552   ,  NM  ,  NM ,  Pochette Gatefold   
James Brown And The Famous Flames - Mighty Instrumentals (Vinyle Usagé),$79.99,https://aux33tours.com/collections/nouveaux-arrivages-usage/products/lp00382584-james-brown-and-the-famous-flames-mighty-instrumentals,  Funk/Soul   ,  King   ,  Canada   ,  KS 961   ,  EX  ,  VG+ ,  Original Stereo   
James Last - Non Stop Dancing 77 (Vinyle Usagé),$2.99,https://aux33tours.com/collections/nouveaux-arrivages-usage/products/lp00382561-james-last-non-stop-dancing-77,  Instrumentale   ,  Polydor   ,  Canada   ,  2371 723   ,  NM  ,  VG+ ,
James Taylor - Sweet Baby James (Vinyle Usagé),$39.99,https://aux33tours.com/collections/nouveaux-arrivages-usage/products/lp00382758-james-taylor-sweet-baby-james,  Rock   ,  Warner Bros   ,  Canada   ,  WS 1843   ,  VG+  ,  VG+ ,  Original / Label Or   
Jean Luc Ponty - Upon the Wings of Music (Vinyle Usagé),$3.99,https://aux33tours.com/collections/nouveaux-arrivages-usage/products/lp00132951-jean-luc-ponty-upon-the-wings-of-music,  Jazz   ,  Atlantic   ,  Canada   ,  SD 18138   ,  VG+  ,  VG+ ,
Jeanette MacDonald / Nelson Eddy - Jeanette MacDonald and Nelson Eddy (Vinyle Usagé),$1.99,https://aux33tours.com/collections/nouveaux-arrivages-usage/products/lp00153536-jeanette-macdonald-nelson-eddy-jeanette-macdonald-and-nelson-eddy,  Vocal Femme   ,  RCA Victor   ,  USA   ,  LPV 526   ,  NM  ,  VG+ ,
Jennifer Warnes - Best of Jennifer Warnes (Vinyle Usagé),$2.99,https://aux33tours.com/collections/nouveaux-arrivages-usage/products/lp00382657-jennifer-warnes-best-of-jennifer-warnes,  Rock   ,  Arista   ,  Canada   ,  AL 9560   ,  VG+  ,  VG+ ,
Jenny Rock - Vol 2 (Vinyle Usagé),$14.99,https://aux33tours.com/collections/nouveaux-arrivages-usage/products/lp00382555-jenny-rock-vol-2,  Francophone   ,  Select   ,  Canada   ,  S 398 088   ,  VG+  ,  NM ,  Stereo   
Jerry Lee Lewis - A Whole Lot Of Shakin (Vinyle Usagé),$11.99,https://aux33tours.com/collections/nouveaux-arrivages-usage/products/lp00382601-jerry-lee-lewis-a-whole-lot-of-shakin,  Rock   ,  Koala   ,  USA   ,  AW 14120   ,  NM  ,  VG+ ,
Jerry Lee Lewis - Country Memories (Vinyle Usagé),$5.99,https://aux33tours.com/collections/nouveaux-arrivages-usage/products/lp00135174-jerry-lee-lewis-country-memories,  Rock   ,  Mercury   ,  USA   ,  SRM 1 5004   ,  NM  ,  VG+ ,
Jerry Lee Lewis - Duets: Jerry Lee Lewis and Friends (Vinyle Usagé),$5.99,https://aux33tours.com/collections/nouveaux-arrivages-usage/products/lp00175501-jerry-lee-lewis-duets-jerry-lee-lewis-and-friends,  Rock   ,  Sun   ,  Canada   ,  SUN 1011   ,  NM  ,  VG+ ,  Vinyle Noir   
Jerry Lee Lewis - Greatest Hits (Vinyle Usagé),$11.99,https://aux33tours.com/collections/nouveaux-arrivages-usage/products/lp00382600-jerry-lee-lewis-greatest-hits,  Rock   ,  Sun   ,  USA   ,  RNDF 255   ,  NM  ,  VG+ ,  Picture Disc   
Jerry Lee Lewis - Jerry Lees Greatest (Vinyle Usagé),$34.99,https://aux33tours.com/collections/nouveaux-arrivages-usage/products/lp00004708-jerry-lee-lewis-jerry-lees-greatest,  Rock   ,  London   ,  Canada   ,  SU 1265   ,  VG+  ,  VG+ ,  Original   
Jerry Lee Lewis - Killer Country (Vinyle Usagé),$7.99,https://aux33tours.com/collections/nouveaux-arrivages-usage/products/lp00382620-jerry-lee-lewis-killer-country,  Rock   ,  Elektra   ,  Canada   ,  X6E 291   ,  NM  ,  VG+ ,
Jerry Lee Lewis - Monsters (Vinyle Usagé),$3.99,https://aux33tours.com/collections/nouveaux-arrivages-usage/products/lp00149557-jerry-lee-lewis-monsters,  Rock   ,  Sun   ,  Canada   ,  SUN 124   ,  VG+  ,  VG+ ,
Jerry Lee Lewis - My Fingers Do the Talkin (Vinyle Usagé),$3.99,https://aux33tours.com/collections/nouveaux-arrivages-usage/products/lp00382619-jerry-lee-lewis-my-fingers-do-the-talkin,  Rock   ,  MCA   ,  Canada   ,  MCA 5387   ,  NM  ,  VG ,
Jerry Lee Lewis - Solid Gold (Vinyle Usagé),$3.99,https://aux33tours.com/collections/nouveaux-arrivages-usage/products/lp00382613-jerry-lee-lewis-solid-gold,  Rock   ,  Pair   ,  USA   ,  PDL 2 1132   ,  NM  ,  NM ,  2 LP   
Jerry Lee Lewis - The Killer The King (Vinyle Usagé),$17.99,https://aux33tours.com/collections/nouveaux-arrivages-usage/products/lp00382614-jerry-lee-lewis-the-killer-the-king,  Rock   ,  Roller Skate   ,  USA   ,  TLA/SCE 50001   ,  NM  ,  VG+ ,  Vinyle Bleu / Pochette Gatefold   
Jimi Hendrix - Rainbow Bridge (Original Motion Picture Sound Track) (Vinyle Usagé),$17.99,https://aux33tours.com/collections/nouveaux-arrivages-usage/products/lp00382684-jimi-hendrix-rainbow-bridge-original-motion-picture-sound-track,  Rock   ,  Reprise   ,  Canada   ,  MS 2040   ,  VG+  ,  EX ,  Pochette Gatefold   
John Eaton - Electro Vibrations (Vinyle Usagé),$14.99,https://aux33tours.com/collections/nouveaux-arrivages-usage/products/lp00382825-john-eaton-electro-vibrations,  Experimentale   ,  Decca   ,  Canada   ,  DL 710165   ,  VG+  ,  VG+ ,  Original / Label Or   
John Keating And His Band - Swing Revisited (Vinyle Usagé),$4.99,https://aux33tours.com/collections/nouveaux-arrivages-usage/products/lp00382769-john-keating-and-his-band-swing-revisited,  Instrumentale   ,  London   ,  Canada   ,  SP 44034 London Records   ,  VG+  ,  NM ,  Pochette Gatefold   
Johnny Cash / Jeannie C Riley / Jerry Lee Lewis - Sunday After Church (Vinyle Usagé),$2.99,https://aux33tours.com/collections/nouveaux-arrivages-usage/products/lp00382606-johnny-cash-jeannie-c-riley-jerry-lee-lewis-sunday-after-church,  Country   ,  Hilltop   ,  USA   ,  JS 6102   ,  VG  ,  VG+ ,
Johnny Dyani Quartet - Mbizo (Vinyle Usagé),$54.99,https://aux33tours.com/collections/nouveaux-arrivages-usage/products/lp00382723-johnny-dyani-quartet-mbizo,  Jazz   ,  SteepleChase   ,  Germany   ,  SCS 1163   ,  NM  ,  EX ,  Reedition / Pressage Audiophile   
Johnny Hallyday - Rock n Slow (Vinyle Usagé),$3.99,https://aux33tours.com/collections/nouveaux-arrivages-usage/products/lp00080881-johnny-hallyday-rock-n-slow,  Francophone   ,  Philips   ,  Canada   ,  6325 170   ,  VG+  ,  VG+ ,
Johnny Mathis - Tender Is The Night (Vinyle Usagé),$5.99,https://aux33tours.com/collections/nouveaux-arrivages-usage/products/lp00382688-johnny-mathis-tender-is-the-night,  Vocal Homme   ,  Mercury   ,  Canada   ,  MG 20890 Mercury   ,  VG+  ,  NM ,  Original Mono   
Judy Singh - A Time For Love (Vinyle Usagé),$14.99,https://aux33tours.com/collections/nouveaux-arrivages-usage/products/lp00382681-judy-singh-a-time-for-love,  Jazz   ,  MajikBus Entertainment   ,  Europe   ,  MB003   ,  NM  ,  NM ,  Reedition 2018   
Julio Iglesias - Sentimental (Vinyle Usagé),$3.99,https://aux33tours.com/collections/nouveaux-arrivages-usage/products/lp00323201-julio-iglesias-sentimental,  Vocal Homme   ,  CBS   ,  Canada   ,  PFC 90601   ,  NM  ,  VG+ ,
Julos Beaucarne - L Enfant Qui Veut Vider La Mer (Vinyle Usagé),$3.99,https://aux33tours.com/collections/nouveaux-arrivages-usage/products/lp00382473-julos-beaucarne-l-enfant-qui-veut-vider-la-mer,  Francophone   ,  RCA Victor   ,  France   ,  FPL 1 7281   ,  VG+  ,  VG+ ,
Kenny Rogers and the First Edition - Ruby Dont Take Your Love to Town (Vinyle Usagé),$9.99,https://aux33tours.com/collections/nouveaux-arrivages-usage/products/lp00208980-kenny-rogers-and-the-first-edition-ruby-dont-take-your-love-to-town,  Country   ,  Reprise   ,  Canada   ,  RS 6352   ,  VG+  ,  NM ,  Original / Label 3 Couleurs   
Kitty Wells / Red Foley - Golden Favorites (Vinyle Usagé),$1.99,https://aux33tours.com/collections/nouveaux-arrivages-usage/products/lp00382782-kitty-wells-red-foley-golden-favorites,  Country   ,  Decca   ,  Canada   ,  DL 74109   ,  VG+  ,  VG+ ,
Laura Nyro - Gonna Take a Miracle (Vinyle Usagé),$5.99,https://aux33tours.com/collections/nouveaux-arrivages-usage/products/lp00348089-laura-nyro-gonna-take-a-miracle,  Folk   ,  Columbia   ,  Canada   ,  KC 30987   ,  VG+  ,  VG+ ,  Pressage Fin 70s   
Liona Boyd - A Guitar For Christmas (Vinyle Usagé),$2.99,https://aux33tours.com/collections/nouveaux-arrivages-usage/products/lp00382543-liona-boyd-a-guitar-for-christmas,  Noel   ,  CBS   ,  Canada   ,  FM 37248   ,  VG+  ,  NM ,
Lionel Hampton - Historical Recording Sessions 1939-1941 (Vinyle Usagé),$5.99,https://aux33tours.com/collections/nouveaux-arrivages-usage/products/lp00382579-lionel-hampton-historical-recording-sessions-1939-1941,  Jazz   ,  RCA   ,  France   ,  PM 42417   ,  NM  ,  VG ,  Coffret 3 LP   
Locatelli / I Musici / Michelucci - L Arte Del Violino: Violin Concertos Nos 1 / 8 / 9 (Vinyle Usagé),$2.99,https://aux33tours.com/collections/nouveaux-arrivages-usage/products/lp00382518-locatelli-i-musici-michelucci-l-arte-del-violino-violin-concertos-nos-1-8-9,  Classique   ,  Epic   ,  USA   ,  BC 1155   ,  VG+  ,  VG ,  Stereo   
Los Chacos - Concert Pour Les Andes Volume 6 (Vinyle Usagé),$4.99,https://aux33tours.com/collections/nouveaux-arrivages-usage/products/lp00382812-los-chacos-concert-pour-les-andes-volume-6,  Monde   ,  Barclay   ,  Canada   ,  40070   ,  NM  ,  NM ,
Love Unlimited - White Gold (Vinyle Usagé),$3.99,https://aux33tours.com/collections/nouveaux-arrivages-usage/products/lp00382559-love-unlimited-white-gold,  Funk/Soul   ,  20th Century   ,  UK   ,  BT 458   ,  VG+  ,  VG+ ,
Luigini / Fistoulari - Ballet Egyptien Suite (Vinyle Usagé),$4.99,https://aux33tours.com/collections/nouveaux-arrivages-usage/products/lp00382525-luigini-fistoulari-ballet-egyptien-suite,  Classique   ,  His Masters Voice   ,  UK   ,  ESD 7115   ,  NM  ,  VG+ ,
Lydia Taylor Band - Bitch (Vinyle Usagé),$3.99,https://aux33tours.com/collections/nouveaux-arrivages-usage/products/lp00135088-lydia-taylor-band-bitch,  Rock   ,  Passport   ,  Canada   ,  PL 3007   ,  VG+  ,  VG+ ,
Mahogany Rush - Maxoom (Vinyle Usagé),$59.99,https://aux33tours.com/collections/nouveaux-arrivages-usage/products/lp00003408-mahogany-rush-maxoom,  Rock   ,  Kot ai   ,  Canada   ,  KOT 3001   ,  NM  ,  NM ,  Original avec Label Violet/Argent   
Malcolm Tomlinson - Rock and Roll Hermit (Vinyle Usagé),$2.99,https://aux33tours.com/collections/nouveaux-arrivages-usage/products/lp00076083-malcolm-tomlinson-rock-and-roll-hermit,  Rock   ,  A&M   ,  Canada   ,  SP 4765   ,  VG+  ,  VG+ ,
Marital Aids - My Disco Town (Vinyle Usagé),$2.99,https://aux33tours.com/collections/nouveaux-arrivages-usage/products/lp00382663-marital-aids-my-disco-town,  Disco   ,  Polydor   ,  Canada   ,  2141 199   ,  VG+  ,  Generic ,  12   
Mather / Various - Anthologie de la Musique Canadienne / Anthology of Canadian Music (Vinyle Usagé),$9.99,https://aux33tours.com/collections/nouveaux-arrivages-usage/products/lp00244068-mather-various-anthologie-de-la-musique-canadienne-anthology-of-canadian-music,  Classique   ,  RadioCanada International   ,  Canada   ,  ACM 9   ,  VG+  ,  VG+ ,  Coffret 4 LP avec Livret   
MBT Soul - MBT Soul (Vinyle Usagé),$3.99,https://aux33tours.com/collections/nouveaux-arrivages-usage/products/lp00102723-mbt-soul-mbt-soul,  Disco   ,  Polydor   ,  Canada   ,  2393 181   ,  NM  ,  NM ,
Nat King Cole - 16 Grandes Exitos De Nat King Cole En Espanol (Vinyle Usagé),$14.99,https://aux33tours.com/collections/nouveaux-arrivages-usage/products/lp00382597-nat-king-cole-16-grandes-exitos-de-nat-king-cole-en-espanol,  Vocal Homme   ,  Capitol Records   ,  USA   ,  ST 12219   ,  NM  ,  VG+ ,  Pressage 1982   
Nat King Cole - 20 Songs For Lovers Volume One (Vinyle Usagé),$5.99,https://aux33tours.com/collections/nouveaux-arrivages-usage/products/lp00359800-nat-king-cole-20-songs-for-lovers-volume-one,  Vocal Homme   ,  Nostalgia   ,  Germany   ,  F 22012   ,  NM  ,  VG+ ,
Nat King Cole - 20 Songs For Lovers Volume Two (Vinyle Usagé),$4.99,https://aux33tours.com/collections/nouveaux-arrivages-usage/products/lp00382800-nat-king-cole-20-songs-for-lovers-volume-two,  Vocal Homme   ,  Nostalgia   ,  Switzerland   ,  F 22013 Nostalgia   ,  NM  ,  VG+ ,
Nat King Cole - A Blossom Fell (Vinyle Usagé),$3.99,https://aux33tours.com/collections/nouveaux-arrivages-usage/products/lp00382575-nat-king-cole-a-blossom-fell,  Vocal Homme   ,  Capitol   ,  USA   ,  DN 16165   ,  NM  ,  VG+ ,
Nat King Cole - A Many Splendored Thing (Vinyle Usagé),$1.99,https://aux33tours.com/collections/nouveaux-arrivages-usage/products/lp00382569-nat-king-cole-a-many-splendored-thing,  Vocal Homme   ,  Longines Symphonette Society   ,  USA   ,  SYS 5161   ,  VG+  ,  VG+ ,
Nat King Cole - At the Sands (Vinyle Usagé),$1.99,https://aux33tours.com/collections/nouveaux-arrivages-usage/products/lp00382570-nat-king-cole-at-the-sands,  Vocal Homme   ,  MFP   ,  UK   ,  MFP 50243   ,  VG+  ,  VG+ ,
Nat King Cole - Dear Lonely Hearts (Vinyle Usagé),$4.99,https://aux33tours.com/collections/nouveaux-arrivages-usage/products/lp00382571-nat-king-cole-dear-lonely-hearts,  Vocal Homme   ,  Capitol   ,  Canada   ,  T 1838   ,  NM  ,  VG+ ,  Original Mono   
Nat King Cole - Love is Here to Stay (Vinyle Usagé),$4.99,https://aux33tours.com/collections/nouveaux-arrivages-usage/products/lp00103579-nat-king-cole-love-is-here-to-stay,  Vocal Homme   ,  Capitol   ,  USA   ,  SWAK 11355   ,  NM  ,  NM ,  Gatefold   
Nat King Cole - Nat King Cole (Vinyle Usagé),$2.99,https://aux33tours.com/collections/nouveaux-arrivages-usage/products/lp00382801-nat-king-cole-nat-king-cole,  Vocal Homme   ,  Fabbri Editori   ,  Italy   ,  GdJ 49   ,  NM  ,  VG ,  Serie I Grandi Del Jazz   
Nat King Cole - Nat King Cole Sings Songs From The Movies (Vinyle Usagé),$4.99,https://aux33tours.com/collections/nouveaux-arrivages-usage/products/lp00382803-nat-king-cole-nat-king-cole-sings-songs-from-the-movies,  Vocal Homme   ,  Capitol   ,  UK   ,  VMP 1006   ,  NM  ,  VG+ ,
Nat King Cole - Nat King Coles Greatest (Vinyle Usagé),$4.99,https://aux33tours.com/collections/nouveaux-arrivages-usage/products/lp00077275-nat-king-cole-nat-king-coles-greatest,  Vocal Homme   ,  Capitol   ,  Canada   ,  SKAO 373   ,  NM  ,  VG+ ,  Gatefold   
Nat King Cole - Sings For Two in Love (Vinyle Usagé),$7.99,https://aux33tours.com/collections/nouveaux-arrivages-usage/products/lp00329118-nat-king-cole-sings-for-two-in-love,  Vocal Homme   ,  Capitol   ,  Canada   ,  T 420   ,  VG+  ,  VG+ ,  Original   
Nat King Cole - Sings His Songs From Cat Ballou And Other Motion Pictures (Vinyle Usagé),$5.99,https://aux33tours.com/collections/nouveaux-arrivages-usage/products/lp00382849-nat-king-cole-sings-his-songs-from-cat-ballou-and-other-motion-pictures,  Vocal Homme   ,  Capitol   ,  USA   ,  SM 11804   ,  NM  ,  VG+ ,  Reedition / Label Bleu Fonce   
Nat King Cole - The Best of Nat King Cole (Vinyle Usagé),$5.99,https://aux33tours.com/collections/nouveaux-arrivages-usage/products/lp00121984-nat-king-cole-the-best-of-nat-king-cole,  Vocal Homme   ,  Capitol   ,  Canada   ,  SKAO 2944   ,  NM  ,  VG ,  Pochette Gatefold   
Nat King Cole - The Man and His Music (Vinyle Usagé),$1.99,https://aux33tours.com/collections/nouveaux-arrivages-usage/products/lp00129840-nat-king-cole-the-man-and-his-music,  Vocal Homme   ,  Capitol   ,  USA   ,  SQBO 93741   ,  VG  ,  VG+ ,  2 LP / Pochette Gatefold a Rabat / Avec Livret   
Nat King Cole - The Nat King Cole Story Volume 3 (Vinyle Usagé),$4.99,https://aux33tours.com/collections/nouveaux-arrivages-usage/products/lp00170367-nat-king-cole-the-nat-king-cole-story-volume-3,  Vocal Homme   ,  Capitol   ,  Canada   ,  SN 66021   ,  NM  ,  VG+ ,  Label Vert   
Nat King Cole - The Nat King Cole Treasury (Vinyle Usagé),$11.99,https://aux33tours.com/collections/nouveaux-arrivages-usage/products/lp00254670-nat-king-cole-the-nat-king-cole-treasury,  Vocal Homme   ,  CapitolSpecialMarkets   ,  Canada   ,  SLB 6803   ,  NM  ,  VG+ ,  3 LP   
Nat King Cole - The Swingin Moods of Nat King Cole (Vinyle Usagé),$7.99,https://aux33tours.com/collections/nouveaux-arrivages-usage/products/lp00224745-nat-king-cole-the-swingin-moods-of-nat-king-cole,  Vocal Homme   ,  Capitol   ,  Canada   ,  DQBO 91278   ,  NM  ,  VG+ ,  Gatefold 2 LP   
Nat King Cole - This is Nat King Cole (Vinyle Usagé),$2.99,https://aux33tours.com/collections/nouveaux-arrivages-usage/products/lp00366027-nat-king-cole-this-is-nat-king-cole,  Vocal Homme   ,  Capitol   ,  Canada   ,  T 870   ,  VG  ,  VG ,  Original Turquoise/Silver Label   
Nat King Cole - Walkin My Baby Back Home (Vinyle Usagé),$4.99,https://aux33tours.com/collections/nouveaux-arrivages-usage/products/lp00382573-nat-king-cole-walkin-my-baby-back-home,  Vocal Homme   ,  Capitol   ,  USA   ,  DN 16164   ,  NM  ,  VG+ ,  80s Press   
Nat King Cole - Walkin My Baby Back Home (Vinyle Usagé),$2.99,https://aux33tours.com/collections/nouveaux-arrivages-usage/products/lp00089516-nat-king-cole-walkin-my-baby-back-home,  Vocal Homme   ,  Capitol   ,  USA   ,  DF 504   ,  VG+  ,  VG+ ,
Nat King Cole - Weaver Of Dreams (Vinyle Usagé),$4.99,https://aux33tours.com/collections/nouveaux-arrivages-usage/products/lp00382848-nat-king-cole-weaver-of-dreams,  Vocal Homme   ,  Pair   ,  USA   ,  PDL 2 1025   ,  NM  ,  VG+ ,  2 LP   
Nat King Cole - When Youre Smiling (Vinyle Usagé),$3.99,https://aux33tours.com/collections/nouveaux-arrivages-usage/products/lp00140772-nat-king-cole-when-youre-smiling,  Vocal Homme   ,  Pickwick/33   ,  USA   ,  SPC 3071   ,  VG+  ,  NM ,
Nat King Cole - Youre My Everything (Vinyle Usagé),$7.99,https://aux33tours.com/collections/nouveaux-arrivages-usage/products/lp00371644-nat-king-cole-youre-my-everything,  Vocal Homme   ,  Pickwick/33   ,  Canada   ,  SPC 3154   ,  NM  ,  NM ,
Natural Order - Jealousy (Vinyle Usagé),$39.99,https://aux33tours.com/collections/nouveaux-arrivages-usage/products/lp00382576-natural-order-jealousy,  Disco   ,  The Sound Of Washington D C   ,  USA   ,  DM 84596   ,  VG+  ,  Generic ,  12po   
Ollie Strong / Kenny Hepburn - Sleepwalk (Vinyle Usagé),$9.99,https://aux33tours.com/collections/nouveaux-arrivages-usage/products/lp00382835-ollie-strong-kenny-hepburn-sleepwalk,  Rock   ,  ARC   ,  Canada   ,  ARC 511   ,  VG+  ,  VG+ ,
Orff / Jochum / Janowitz / Stolze / Fischer Dieskau - Carmina Burana (Vinyle Usagé),$3.99,https://aux33tours.com/collections/nouveaux-arrivages-usage/products/lp00308330-orff-jochum-janowitz-stolze-fischer-dieskau-carmina-burana,  Classique   ,  Deutsche Grammophon   ,  Germany   ,  SLPM 139 362   ,  VG  ,  VG+ ,  Original / Label aux Tulipes / Gatefold   
Orval Prophet - The Travellin Kind (Vinyle Usagé),$3.99,https://aux33tours.com/collections/nouveaux-arrivages-usage/products/lp00382832-orval-prophet-the-travellin-kind,  Country   ,  Point   ,  Canada   ,  P 219   ,  VG+  ,  VG+ ,
Paganini / Ricci - 24 Caprices (Vinyle Usagé),$79.99,https://aux33tours.com/collections/nouveaux-arrivages-usage/products/lp00382546-paganini-ricci-24-caprices,  Classique   ,  London   ,  USA   ,  CS6163   ,  NM  ,  VG+ ,  Original Stereo / Pochette a Dos Bleu / Presse en    
Pat Boone - Golden Hits: 15 Hits Of Pat Boone (Vinyle Usagé),$2.99,https://aux33tours.com/collections/nouveaux-arrivages-usage/products/lp00382845-pat-boone-golden-hits-15-hits-of-pat-boone,  Vocal Homme   ,  Dot   ,  Canada   ,  DLP 25814   ,  VG+  ,  NM ,
Patti Page - Gentle On My Mind (Vinyle Usagé),$4.99,https://aux33tours.com/collections/nouveaux-arrivages-usage/products/lp00036499-patti-page-gentle-on-my-mind,  Vocal Femme   ,  Columbia   ,  USA   ,  CS 9666   ,  NM  ,  NM ,
Patti Page - Love After Midnight (Vinyle Usagé),$4.99,https://aux33tours.com/collections/nouveaux-arrivages-usage/products/lp00382729-patti-page-love-after-midnight,  Vocal Femme   ,  Columbia   ,  USA   ,  CS 8932   ,  NM  ,  NM ,
Patti Page - Love Letters (Vinyle Usagé),$2.99,https://aux33tours.com/collections/nouveaux-arrivages-usage/products/lp00382675-patti-page-love-letters,  Vocal Femme   ,  Harmony   ,  USA   ,  HS 11305   ,  VG+  ,  VG+ ,
Patti Page - Say Wonderful Things (Vinyle Usagé),$3.99,https://aux33tours.com/collections/nouveaux-arrivages-usage/products/lp00382673-patti-page-say-wonderful-things,  Vocal Femme   ,  Columbia   ,  USA   ,  CL 2049   ,  VG+  ,  VG+ ,  Original Mono 2 Eye Label   
Patti Page - Special Thoughts (Vinyle Usagé),$5.99,https://aux33tours.com/collections/nouveaux-arrivages-usage/products/lp00382679-patti-page-special-thoughts,  Vocal Femme   ,  Accord   ,  USA   ,  SN 7206   ,  NM  ,  VG+ ,
Patti Page - The Golden Memories Of (Vinyle Usagé),$1.99,https://aux33tours.com/collections/nouveaux-arrivages-usage/products/lp00382700-patti-page-the-golden-memories-of,  Vocal Femme   ,  Candlelite Music   ,  USA   ,  CMI 3249 CMI 3250   ,  VG+  ,  VG ,  2 LP   
Patti Page - The Waltz Queen (Vinyle Usagé),$1.99,https://aux33tours.com/collections/nouveaux-arrivages-usage/products/lp00382666-patti-page-the-waltz-queen,  Vocal Femme   ,  Mercury Wing   ,  USA   ,  SRW 16121 Mercury Wing   ,  VG+  ,  VG ,
Patti Page - Today My Way (Vinyle Usagé),$1.99,https://aux33tours.com/collections/nouveaux-arrivages-usage/products/lp00057385-patti-page-today-my-way,  Vocal Femme   ,  Columbia   ,  USA   ,  CS 9561   ,  VG+  ,  NM ,
Paul Anka - Sings His Big 15 (Vinyle Usagé),$3.99,https://aux33tours.com/collections/nouveaux-arrivages-usage/products/lp00114981-paul-anka-sings-his-big-15,  Vocal Homme   ,  Sparton/ABCParamount   ,  Canada   ,  ABC 323   ,  VG  ,  VG+ ,  Original Mono   
Paul Kantner / Grace Slick / David Freiberg - Baron von Tollbooth and the Chrome Nun (Vinyle Usagé),$3.99,https://aux33tours.com/collections/nouveaux-arrivages-usage/products/lp00382797-paul-kantner-grace-slick-david-freiberg-baron-von-tollbooth-and-the-chrome-nun,  Rock   ,  Grunt   ,  USA   ,  BFL1 0148   ,  VG  ,  VG+ ,  .   
Pauline Lapointe - Pauline Lapointe (Vinyle Usagé),$4.99,https://aux33tours.com/collections/nouveaux-arrivages-usage/products/lp00025640-pauline-lapointe-pauline-lapointe,  Francophone   ,  Kebec Disc   ,  Canada   ,  KD 978   ,  NM  ,  NM ,
Peter and Gordon - Woman (Vinyle Usagé),$2.99,https://aux33tours.com/collections/nouveaux-arrivages-usage/products/lp00254526-peter-and-gordon-woman,  Rock   ,  Capitol   ,  Canada   ,  T 2477   ,  VG  ,  VG ,  Original Mono   
Peter Wolf - Oo-Ee-Diddley-Bop (Vinyle Usagé),$1.99,https://aux33tours.com/collections/nouveaux-arrivages-usage/products/lp00382772-peter-wolf-oo-ee-diddley-bop,  Rock   ,  EMI America   ,  USA   ,  SPRO 9368 / 9371   ,  NM  ,  Generic ,  12po / Autocollant sur Pochette Generique   
Petula Clark - Le Palmares (Vinyle Usagé),$3.99,https://aux33tours.com/collections/nouveaux-arrivages-usage/products/lp00103916-petula-clark-le-palmares,  Vocal Femme   ,  Trans Canada   ,  Canada   ,  TSF 1384   ,  VG+  ,  VG+ ,
Pierne / Mari - Cydalise et le Chevre Pied / Ramuntcho Overture (Vinyle Usagé),$1.99,https://aux33tours.com/collections/nouveaux-arrivages-usage/products/lp00382468-pierne-mari-cydalise-et-le-chevre-pied-ramuntcho-overture,  Classique   ,  Angel Records   ,  USA   ,  S 37281   ,  VG+  ,  VG+ ,  Pressage Quadriphonique   
Point Blank - Airplay (Vinyle Usagé),$3.99,https://aux33tours.com/collections/nouveaux-arrivages-usage/products/lp00382805-point-blank-airplay,  Rock   ,  MCA   ,  USA   ,  MCA 3160   ,  NM  ,  VG+ ,
Porter Wagoner - The Best of Porter Wagoner Vol II (Vinyle Usagé),$1.99,https://aux33tours.com/collections/nouveaux-arrivages-usage/products/lp00382775-porter-wagoner-the-best-of-porter-wagoner-vol-ii,  Country   ,  RCA Victor   ,  Canada   ,  LSP 4321   ,  VG+  ,  VG+ ,
Prokofiev / Abbado / Mintz - The Violin Concertos (Vinyle Usagé),$7.99,https://aux33tours.com/collections/nouveaux-arrivages-usage/products/lp00175526-prokofiev-abbado-mintz-the-violin-concertos,  Classique   ,  Deutsche Grammophon   ,  Germany   ,  410 524 1   ,  NM  ,  VG+ ,
Prokofiev / Richter / Oistrakh / Kondrashin - Violin Concerto No 1 / Piano Concerto No1 / Suite from Cinderella (Vinyle Usagé),$2.99,https://aux33tours.com/collections/nouveaux-arrivages-usage/products/lp00382507-prokofiev-richter-oistrakh-kondrashin-violin-concerto-no-1-piano-concerto-no1-suite-from-cinderella,  Classique   ,  Saga   ,  UK   ,  XID 5160   ,  VG+  ,  VG+ ,  Mono   
Rachmaninoff / Chopin - Sergei Rachmaninoff Plays Rachmaninoff and Chopin (Vinyle Usagé),$7.99,https://aux33tours.com/collections/nouveaux-arrivages-usage/products/lp00382528-rachmaninoff-chopin-sergei-rachmaninoff-plays-rachmaninoff-and-chopin,  Classique   ,  Klavier   ,  USA   ,  KS 103   ,  VG+  ,  VG+ ,
Rachmaninov / Maazel - Symphony No 3 / The Isle of the Dead (Vinyle Usagé),$5.99,https://aux33tours.com/collections/nouveaux-arrivages-usage/products/lp00185175-rachmaninov-maazel-symphony-no-3-the-isle-of-the-dead,  Classique   ,  Deutsche Grammophon   ,  Germany   ,  2532 065   ,  NM  ,  NM ,
Raoul Roy - Folklore Vol 5 (Vinyle Usagé),$2.99,https://aux33tours.com/collections/nouveaux-arrivages-usage/products/lp00382529-raoul-roy-folklore-vol-5,  Francophone   ,  Select   ,  Canada   ,  S 398235   ,  VG+  ,  VG+ ,
Rascals - See (Vinyle Usagé),$3.99,https://aux33tours.com/collections/nouveaux-arrivages-usage/products/lp00124601-rascals-see,  Rock   ,  Atlantic   ,  Canada   ,  SD 8246   ,  VG+  ,  VG+ ,  Original Red Label   
Ravel / Gieseking - Complete Works for Piano Solo (Vinyle Usagé),$19.99,https://aux33tours.com/collections/nouveaux-arrivages-usage/products/lp00382506-ravel-gieseking-complete-works-for-piano-solo,  Classique   ,  Angel   ,  UK   ,  3541 (5S)   ,  VG+  ,  VG+ ,  Coffret 3 LP avec Livret   
Reverend Gary Davis - Volume 2: 1971 / Lord I Wish I Could See (Vinyle Usagé),$14.99,https://aux33tours.com/collections/nouveaux-arrivages-usage/products/lp00382788-reverend-gary-davis-volume-2-1971-lord-i-wish-i-could-see,  Blues   ,  Biograph   ,  USA   ,  BLP 12034   ,  VG+  ,  VG+ ,
Rick James - You and I (Vinyle Usagé),$9.99,https://aux33tours.com/collections/nouveaux-arrivages-usage/products/lp00079299-rick-james-you-and-i,  Funk/Soul   ,  Gordy   ,  Canada   ,  PR 34   ,  NM  ,  Generic ,  12   
Rick Nelson - Best Sellers (Vinyle Usagé),$3.99,https://aux33tours.com/collections/nouveaux-arrivages-usage/products/lpx0113337-rick-nelson-best-sellers,  Rock   ,  Imperial   ,  Canada   ,  LP 9218   ,  VG  ,  VG+ ,  Original Mono   
Rick Nelson - Million Sellers (Vinyle Usagé),$3.99,https://aux33tours.com/collections/nouveaux-arrivages-usage/products/lp00270986-rick-nelson-million-sellers,  Rock   ,  Imperial   ,  Canada   ,  LP 9232   ,  VG  ,  VG+ ,  Mono   
Ricky Nelson - Songs By Ricky (Vinyle Usagé),$2.99,https://aux33tours.com/collections/nouveaux-arrivages-usage/products/lp00337364-ricky-nelson-songs-by-ricky,  Rock   ,  Imperial   ,  Canada   ,  LP 9082   ,  VG  ,  VG ,  Original Mono   
Rita Coolidge - Greatest Hits (Vinyle Usagé),$1.99,https://aux33tours.com/collections/nouveaux-arrivages-usage/products/lp00382637-rita-coolidge-greatest-hits,  Rock   ,  A&M   ,  Canada   ,  SP 4836   ,  VG+  ,  VG+ ,
Romeo Void - Never Say Never (Vinyle Usagé),$5.99,https://aux33tours.com/collections/nouveaux-arrivages-usage/products/lp00082472-romeo-void-never-say-never,  New Wave   ,  Columbia/415   ,  Canada   ,  C 38178   ,  VG+  ,  VG+ ,  EP   
Ron Ely - Tarzan: The Eyes of the Lion (Vinyle Usagé),$5.99,https://aux33tours.com/collections/nouveaux-arrivages-usage/products/lp00257202-ron-ely-tarzan-the-eyes-of-the-lion,  Enfants   ,  Leo   ,  USA   ,  LE 902   ,  VG+  ,  VG+ ,  Gatefold   
Ronnie Prophet - The Hits Of Ronnie Prophet (Vinyle Usagé),$1.99,https://aux33tours.com/collections/nouveaux-arrivages-usage/products/lp00382786-ronnie-prophet-the-hits-of-ronnie-prophet,  Country   ,  RCA Victor   ,  Canada   ,  KEL1 8104   ,  VG+  ,  NM ,
Roy Acuff - Wabash Cannonball (Vinyle Usagé),$3.99,https://aux33tours.com/collections/nouveaux-arrivages-usage/products/lp00382785-roy-acuff-wabash-cannonball,  Country   ,  Pickwick   ,  USA   ,  JS 6162 Pickwick   ,  NM  ,  VG+ ,
Salvatore Adamo - A Ceux Qui Revent Encore (Vinyle Usagé),$1.99,https://aux33tours.com/collections/nouveaux-arrivages-usage/products/lp00241742-salvatore-adamo-a-ceux-qui-revent-encore,  Francophone   ,  Pathe   ,  Canada   ,  SPAO 67 360   ,  VG+  ,  VG+ ,  Gatefold   
Salvatore Adamo - Les Titres d Or d Adamo Volume 2 (Vinyle Usagé),$1.99,https://aux33tours.com/collections/nouveaux-arrivages-usage/products/lp00321765-salvatore-adamo-les-titres-d-or-d-adamo-volume-2,  Francophone   ,  Pathe   ,  Canada   ,  SPAO 68 051   ,  VG+  ,  VG+ ,  Pochette Gatefold   
Sam Taylor - Golden Disc (Vinyle Usagé),$14.99,https://aux33tours.com/collections/nouveaux-arrivages-usage/products/lp00382669-sam-taylor-golden-disc,  Jazz   ,  MCA   ,  Japan   ,  VIM 10003   ,  NM  ,  VG+ ,  Sans Obi   
Sam Taylor - Music for Melancholy Babies (Vinyle Usagé),$9.99,https://aux33tours.com/collections/nouveaux-arrivages-usage/products/lp00382671-sam-taylor-music-for-melancholy-babies,  Jazz   ,  MGM   ,  Canada   ,  E3482   ,  NM  ,  VG+ ,
Sam The Man Taylor - Misty Mood (Vinyle Usagé),$2.99,https://aux33tours.com/collections/nouveaux-arrivages-usage/products/lp00382726-sam-the-man-taylor-misty-mood,  Jazz   ,  Decca   ,  USA   ,  DL 74302   ,  VG+  ,  VG ,  Stereo   
Sam The Man Taylor - More Blue Mist: In the Mood for Sax (Vinyle Usagé),$14.99,https://aux33tours.com/collections/nouveaux-arrivages-usage/products/lp00382721-sam-the-man-taylor-more-blue-mist-in-the-mood-for-sax,  Jazz   ,  MGM   ,  Canada   ,  SE 3783   ,  NM  ,  NM ,  Original Stereo   
Sam The Man Taylor - Plays Hollywood (Vinyle Usagé),$1.99,https://aux33tours.com/collections/nouveaux-arrivages-usage/products/lp00382703-sam-the-man-taylor-plays-hollywood,  Jazz   ,  MGM   ,  Canada   ,  E3967   ,  VG  ,  VG ,  Original Mono   
Sam The Man Taylor - Somewhere In The Night (Vinyle Usagé),$5.99,https://aux33tours.com/collections/nouveaux-arrivages-usage/products/lp00382727-sam-the-man-taylor-somewhere-in-the-night,  Jazz   ,  Decca   ,  Canada   ,  DL 4573   ,  NM  ,  VG+ ,  Mono   
Sam The Man Taylor / Leo The Lad Stephenson - The Many Moods Of Sam The Man Taylor and Leo The Lad Stephenson (Vinyle Usagé),$7.99,https://aux33tours.com/collections/nouveaux-arrivages-usage/products/lp00382670-sam-the-man-taylor-leo-the-lad-stephenson-the-many-moods-of-sam-the-man-taylor-and-leo-the-lad-stephenson,  Jazz   ,  Rolyat   ,  USA   ,  R 0091   ,  NM  ,  VG+ ,
Schoenberg / Ferencsik / Arroyo / Young / Baker - Gurrelieder (Vinyle Usagé),$11.99,https://aux33tours.com/collections/nouveaux-arrivages-usage/products/lp00307857-schoenberg-ferencsik-arroyo-young-baker-gurrelieder,  Classique   ,  His Masters Voice   ,  UK   ,  SLS 884   ,  EX  ,  VG+ ,  Coffret 2 LP avec Livret   
Schubert / David Oistrach Trio - Klaviertrio Nr 1 (Vinyle Usagé),$1.99,https://aux33tours.com/collections/nouveaux-arrivages-usage/products/lp00382494-schubert-david-oistrach-trio-klaviertrio-nr-1,  Classique   ,  EMI Electrola   ,  Europe   ,  1 C 047 01 490 His Masters Voice   ,  VG  ,  VG+ ,
Scott Joplin / Gunther Schuller - Treemonisha (Vinyle Usagé),$7.99,https://aux33tours.com/collections/nouveaux-arrivages-usage/products/lp00382492-scott-joplin-gunther-schuller-treemonisha,  Jazz   ,  DeutscheGrammophon   ,  Germany   ,  2707 083   ,  NM  ,  VG+ ,  Coffret 2 LP   
Sharpe And Numan - Change Your Mind (Vinyle Usagé),$2.99,https://aux33tours.com/collections/nouveaux-arrivages-usage/products/lp00382662-sharpe-and-numan-change-your-mind,  New Wave   ,  Polydor   ,  UK   ,  POSPX 722 Polydor   ,  VG+  ,  VG+ ,  12po   
Shostakovich / Borodin Qt - Quartets Nos 5 / 9 (Vinyle Usagé),$5.99,https://aux33tours.com/collections/nouveaux-arrivages-usage/products/lp00382495-shostakovich-borodin-qt-quartets-nos-5-9,  Classique   ,  Ð   ,  USSR   ,  _10 21943 000   ,  EX  ,  VG ,
Shostakovich / Kabalevsky / Ormandy / Ma - Cello Concerto No 1 (Vinyle Usagé),$17.99,https://aux33tours.com/collections/nouveaux-arrivages-usage/products/lp00180996-shostakovich-kabalevsky-ormandy-ma-cello-concerto-no-1,  Classique   ,  CBS Masterworks   ,  Canada   ,  IM 37840   ,  NM  ,  VG+ ,
Shostakovitch / Beethoven Qt - String Quartets 7 And 8 (Vinyle Usagé),$11.99,https://aux33tours.com/collections/nouveaux-arrivages-usage/products/lp00382487-shostakovitch-beethoven-qt-string-quartets-7-and-8,  Classique   ,  Baroque   ,  USA   ,  2864   ,  VG+  ,  VG+ ,
Smokey Robinson - One Heartbeat (Vinyle Usagé),$3.99,https://aux33tours.com/collections/nouveaux-arrivages-usage/products/lp00114688-smokey-robinson-one-heartbeat,  Funk/Soul   ,  Motown   ,  Canada   ,  MOT 6226   ,  NM  ,  VG+ ,
Soft Cell - What (Vinyle Usagé),$5.99,https://aux33tours.com/collections/nouveaux-arrivages-usage/products/lp00382655-soft-cell-what,  New Wave   ,  Vertigo   ,  Europe   ,  6400 674 Vertigo   ,  VG+  ,  VG+ ,  12po   
Son Caribe - Que Viva La Fiesta (Vinyle Usagé),$3.99,https://aux33tours.com/collections/nouveaux-arrivages-usage/products/lp00382787-son-caribe-que-viva-la-fiesta,  Monde   ,  Caravage   ,  France   ,  8820 Carrere   ,  VG+  ,  NM ,
Sonny James - The Hit Sounds Of (Vinyle Usagé),$2.99,https://aux33tours.com/collections/nouveaux-arrivages-usage/products/lp00382827-sonny-james-the-hit-sounds-of,  Country   ,  Capitol   ,  USA   ,  SL 6689   ,  VG+  ,  VG+ ,
Soundtrack - Ennio Morricone: Mon Nom Est Personne (Vinyle Usagé),$5.99,https://aux33tours.com/collections/nouveaux-arrivages-usage/products/lp00141173-soundtrack-ennio-morricone-mon-nom-est-personne,  Bandes Sonores   ,  Deram   ,  Canada   ,  DEF 1001   ,  VG  ,  NM ,
Soundtrack - My Fair Lady (Vinyle Usagé),$3.99,https://aux33tours.com/collections/nouveaux-arrivages-usage/products/lp00382810-soundtrack-my-fair-lady,  Bandes Sonores   ,  Columbia   ,  Canada   ,  KOS 2600   ,  VG+  ,  VG+ ,  Original Stereo avec Label 360 Sound / Pochette Ga   
Soundtrack - Sweetheart Sweetheart (Vinyle Usagé),$2.99,https://aux33tours.com/collections/nouveaux-arrivages-usage/products/lp00382708-soundtrack-sweetheart-sweetheart,  Bandes Sonores   ,  Readers Digest   ,  USA   ,  RDA 015/D   ,  NM  ,  VG+ ,
Space Project - Conquest of the Stars (Vinyle Usagé),$2.99,https://aux33tours.com/collections/nouveaux-arrivages-usage/products/lp00019380-space-project-conquest-of-the-stars,  Disco   ,  RCA Victor   ,  Canada   ,  KPN1 0267   ,  NM  ,  NM ,  12po / Vinyle Bleu   
Stacey Q - Two of Hearts (European Mix) (Vinyle Usagé),$1.99,https://aux33tours.com/collections/nouveaux-arrivages-usage/products/lp00304730-stacey-q-two-of-hearts-european-mix,  New Wave   ,  Atlantic   ,  Canada   ,  78 67970   ,  VG+  ,  VG+ ,  12   
Steve Ashley - Stroll On (Vinyle Usagé),$5.99,https://aux33tours.com/collections/nouveaux-arrivages-usage/products/lp00382699-steve-ashley-stroll-on,  Rock   ,  Gull   ,  Canada   ,  GU 401 V1   ,  VG+  ,  NM ,  Promo   
Strauss R / Bohm - Four Last Songs (Vinyle Usagé),$1.99,https://aux33tours.com/collections/nouveaux-arrivages-usage/products/lp00382486-strauss-r-bohm-four-last-songs,  Classique   ,  London   ,  USA   ,  R 23215   ,  VG+  ,  VG+ ,  Presse en Angleterre   
Stravinsky / Entremont - Piano Concertos (Vinyle Usagé),$2.99,https://aux33tours.com/collections/nouveaux-arrivages-usage/products/lp00382475-stravinsky-entremont-piano-concertos,  Classique   ,  Columbia Masterworks   ,  Canada   ,  MS 6947   ,  VG  ,  VG+ ,
Stravinsky / Kurenko / Stravinsky S - Songs By Igor Stravinsky (Vinyle Usagé),$1.99,https://aux33tours.com/collections/nouveaux-arrivages-usage/products/lp00382539-stravinsky-kurenko-stravinsky-s-songs-by-igor-stravinsky,  Classique   ,  Allegro   ,  USA   ,  AL 64   ,  VG  ,  VG+ ,  Vinyle Brun   
Stravinsky / Tilson Thomas - The Rite of Spring / The King of the Stars (Vinyle Usagé),$1.99,https://aux33tours.com/collections/nouveaux-arrivages-usage/products/lp00382493-stravinsky-tilson-thomas-the-rite-of-spring-the-king-of-the-stars,  Classique   ,  DeutscheGrammophon   ,  Canada   ,  2535 222   ,  VG  ,  NM ,
Strawbs - Ghosts (Vinyle Usagé),$11.99,https://aux33tours.com/collections/nouveaux-arrivages-usage/products/lp00068058-strawbs-ghosts,  Rock   ,  A&M   ,  Canada   ,  SP 4506   ,  NM  ,  VG+ ,
T-Connection - On Fire (Vinyle Usagé),$4.99,https://aux33tours.com/collections/nouveaux-arrivages-usage/products/lp00382645-t-connection-on-fire,  Disco   ,  Dash   ,  USA   ,  DASH 30008   ,  VG+  ,  VG ,  Pochette Gatefold   
Tina Turner - Typical Male (Vinyle Usagé),$1.99,https://aux33tours.com/collections/nouveaux-arrivages-usage/products/lp00294469-tina-turner-typical-male,  Funk/Soul   ,  Capitol   ,  Canada   ,  S 75167   ,  VG+  ,  VG+ ,  12   
Titanic - Macumba (Vinyle Usagé),$11.99,https://aux33tours.com/collections/nouveaux-arrivages-usage/products/lp00206948-titanic-macumba,  Rock   ,  Columbia   ,  Canada   ,  ES 90275   ,  VG+  ,  VG+ ,
Tito Puente - Mucho Cha Cha (Vinyle Usagé),$5.99,https://aux33tours.com/collections/nouveaux-arrivages-usage/products/lp00382677-tito-puente-mucho-cha-cha,  Jazz   ,  RCA Victor   ,  Canada   ,  LSP 2113   ,  VG+  ,  VG ,  Original Living Stereo   
Tommy Dorsey - Remember Tommy (Vinyle Usagé),$2.99,https://aux33tours.com/collections/nouveaux-arrivages-usage/products/lp00054360-tommy-dorsey-remember-tommy,  Jazz   ,  20th Century   ,  USA   ,  9209 905   ,  VG+  ,  VG+ ,  2 LP / Pochette Gatefold   
Tommy Dorsey - This is Tommy Dorsey (Vinyle Usagé),$4.99,https://aux33tours.com/collections/nouveaux-arrivages-usage/products/lp00382704-tommy-dorsey-this-is-tommy-dorsey,  Jazz   ,  RCA Victor   ,  Canada   ,  VPM 6038   ,  NM  ,  VG+ ,  2 LP   
Tony Bennett - Love Story (Vinyle Usagé),$1.99,https://aux33tours.com/collections/nouveaux-arrivages-usage/products/lp00382633-tony-bennett-love-story,  Vocal Homme   ,  Columbia   ,  USA   ,  GP 14   ,  VG  ,  VG+ ,  2 LP / Pochette Gatefold   
Touch Of Class - Touch Of Class (Vinyle Usagé),$4.99,https://aux33tours.com/collections/nouveaux-arrivages-usage/products/lp00382686-touch-of-class-touch-of-class,  Funk/Soul   ,  Roadshow   ,  USA   ,  BXL1 3217 Natures Music Inc   ,  VG+  ,  VG ,
Tschaikowsky / Karajan / Richter - Piano Concerto No 1 (Vinyle Usagé),$2.99,https://aux33tours.com/collections/nouveaux-arrivages-usage/products/lp00127742-tschaikowsky-karajan-richter-piano-concerto-no-1,  Classique   ,  Deutsche Grammophon   ,  Germany   ,  138 822   ,  VG+  ,  VG+ ,
Tzant - Bounce With The Massive (Vinyle Usagé),$1.99,https://aux33tours.com/collections/nouveaux-arrivages-usage/products/lp00382770-tzant-bounce-with-the-massive,  Electronique   ,  Logic   ,  UK   ,  74321 60210 1   ,  VG+  ,  VG+ ,  12po   
U2 - How To Dismantle An Atomic Bomb (Vinyle Usagé),$99.99,https://aux33tours.com/collections/nouveaux-arrivages-usage/products/lp00382732-u2-how-to-dismantle-an-atomic-bomb,  Rock   ,  Island   ,  Europe   ,  U2 14 Island Records   ,  NM  ,  NM ,  Original (2004) / Avec Livret   
Various - 50 Years of Hits in Stereo (Vinyle Usagé),$5.99,https://aux33tours.com/collections/nouveaux-arrivages-usage/products/lp00382593-various-50-years-of-hits-in-stereo,  Instrumentale   ,  RCA   ,  Canada   ,  PRS 179   ,  VG+  ,  NM ,  Coffret 5 LP / Reedition / Label Orange   
Various - Golden Hits Volume 1 (Vinyle Usagé),$3.99,https://aux33tours.com/collections/nouveaux-arrivages-usage/products/lp00382830-various-golden-hits-volume-1,  Jazz   ,  RCA   ,  Canada   ,  LPE 2774   ,  VG+  ,  VG+ ,
Various - Hollywood 2 (Vinyle Usagé),$4.99,https://aux33tours.com/collections/nouveaux-arrivages-usage/products/lp00203532-various-hollywood-2,  Disco   ,  SpecialDiscoMixer   ,  USA   ,  BCR 002   ,  VG+  ,  Generic ,  12po Bootleg   
Various - Hullabaloo Au-Go-Go (Vinyle Usagé),$1.99,https://aux33tours.com/collections/nouveaux-arrivages-usage/products/lp00382818-various-hullabaloo-au-go-go,  Rock   ,  Design   ,  Canada   ,  SDLP 211 Design Records (2)   ,  VG+  ,  VG+ ,
Various - Juke Box Jive (Vinyle Usagé),$2.99,https://aux33tours.com/collections/nouveaux-arrivages-usage/products/lp00382774-various-juke-box-jive,  Rock   ,  Ruby  Limited   ,  Canada   ,  RR3 4076   ,  NM  ,  VG+ ,
Various - Party Rock (Vinyle Usagé),$5.99,https://aux33tours.com/collections/nouveaux-arrivages-usage/products/lp00346752-various-party-rock,  Rock   ,  Ruby   ,  Canada   ,  PC3 0009   ,  NM  ,  VG+ ,  3 LP / Pochette Gatefold   
Various - Rock Of The 80s (Vinyle Usagé),$7.99,https://aux33tours.com/collections/nouveaux-arrivages-usage/products/lp00382578-various-rock-of-the-80s,  Rock   ,  CBS   ,  France   ,  SDC 30   ,  NM  ,  NM ,  Vinyle Vert / Promo   
Various - Rockin And Rollin (Vinyle Usagé),$1.99,https://aux33tours.com/collections/nouveaux-arrivages-usage/products/lp00382823-various-rockin-and-rollin,  Rock   ,  Impact Music Promotions   ,  Canada   ,  BC 241   ,  VG+  ,  VG+ ,
Various - The Greatest Rock And Roll Hits (Vinyle Usagé),$5.99,https://aux33tours.com/collections/nouveaux-arrivages-usage/products/lp00382643-various-the-greatest-rock-and-roll-hits,  Rock   ,  Ronco   ,  Canada   ,  CR 1005 Ronco   ,  VG+  ,  VG ,  Coffret 4 LP   
Various - The In Crowd (Vinyle Usagé),$1.99,https://aux33tours.com/collections/nouveaux-arrivages-usage/products/lp00382817-various-the-in-crowd,  Vocal Homme   ,  Design   ,  Canada   ,  DLP 252   ,  VG+  ,  VG+ ,
Various / Baker / Fischer-Dieskau - An Evening of Duets (Vinyle Usagé),$1.99,https://aux33tours.com/collections/nouveaux-arrivages-usage/products/lp00382477-various-baker-fischer-dieskau-an-evening-of-duets,  Classique   ,  Angel   ,  USA   ,  S 36712   ,  VG+  ,  VG+ ,
Various / Neumeyer - Dance Music From the Time of Paetorius (Vinyle Usagé),$4.99,https://aux33tours.com/collections/nouveaux-arrivages-usage/products/lp00069949-various-neumeyer-dance-music-from-the-time-of-paetorius,  Classique   ,  Archiv   ,  Germany   ,  198 166   ,  NM  ,  NM ,  Pochette Gatefold   
Vicky Leandros - L Amour Est Bleu (Vinyle Usagé),$3.99,https://aux33tours.com/collections/nouveaux-arrivages-usage/products/lp00066859-vicky-leandros-l-amour-est-bleu,  Francophone   ,  RCA Victor   ,  Canada   ,  PCS 1194   ,  VG+  ,  VG+ ,
Vicky Leandros - The Love In Your Eyes / When Bouzoukis Played (Vinyle Usagé),$2.99,https://aux33tours.com/collections/nouveaux-arrivages-usage/products/lp00382781-vicky-leandros-the-love-in-your-eyes-when-bouzoukis-played,  Francophone   ,  RCA Victor   ,  Canada   ,  KPL1 0033   ,  VG+  ,  VG+ ,
Village People - Go West (Vinyle Usagé),$5.99,https://aux33tours.com/collections/nouveaux-arrivages-usage/products/lp00004839-village-people-go-west,  Disco   ,  Casablanca   ,  Canada   ,  NBLP 7144   ,  NM  ,  NM ,  Avec Poster   
Village People - Go West (Vinyle Usagé),$2.99,https://aux33tours.com/collections/nouveaux-arrivages-usage/products/lp00348690-village-people-go-west,  Disco   ,  Casablanca   ,  Canada   ,  NBLP 7144   ,  VG+  ,  VG+ ,  Avec Poster   
Village People - Live and Sleazy (Vinyle Usagé),$4.99,https://aux33tours.com/collections/nouveaux-arrivages-usage/products/lp00241363-village-people-live-and-sleazy,  Disco   ,  Casablanca   ,  Canada   ,  NBLP 7183 2   ,  VG+  ,  NM ,  2 LP / Pochette Gatefold   
Vivaldi / Bach / Ruzickova - Concertos pour Clavecin (Vinyle Usagé),$1.99,https://aux33tours.com/collections/nouveaux-arrivages-usage/products/lp00382540-vivaldi-bach-ruzickova-concertos-pour-clavecin,  Classique   ,  Erato   ,  France   ,  EFM 8039   ,  VG  ,  VG+ ,
Vogues - Memories (Vinyle Usagé),$4.99,https://aux33tours.com/collections/nouveaux-arrivages-usage/products/lp00382840-vogues-memories,  Rock   ,  Reprise   ,  Canada   ,  RS 6347   ,  NM  ,  VG+ ,
Weber / Franck / Berman / Nicolet - Floten Sonaten (Vinyle Usagé),$11.99,https://aux33tours.com/collections/nouveaux-arrivages-usage/products/lp00382496-weber-franck-berman-nicolet-floten-sonaten,  Classique   ,  Tudor   ,  Switzerland   ,  73 028   ,  NM  ,  VG+ ,
Who - Quadrophenia (Vinyle Usagé),$24.99,https://aux33tours.com/collections/nouveaux-arrivages-usage/products/lp00257886-who-quadrophenia,  Rock   ,  Track/MCA   ,  Canada   ,  MCA2 10004   ,  VG+  ,  VG ,  2 LP avec Livret / Original avec Labels Track Brun   
Wilton Place Street Band - Disco Lucy (I Love Lucy Theme) (Vinyle Usagé),$1.99,https://aux33tours.com/collections/nouveaux-arrivages-usage/products/lp00382665-wilton-place-street-band-disco-lucy-i-love-lucy-theme,  Disco   ,  Island   ,  Canada   ,  IS 1001   ,  VG+  ,  NM ,  12   
